order,id,label,chars,status,text_sha256,expected_mp3,existing_audio_sha256,script_verified,audio_verified,quality_status,existing_audio_seconds,rendered_seconds,reason
1,00-opening,오프닝,384,pending,7776d54b2319b7bdc239013ae58e97bff3d9539b399eee1074a887c496fea006,audio18/00-opening.mp3,adb697c78b5bac24308389eb5cdc5481e44e74253f211a7e4efcb8f50b006591,False,False,unreviewed,48.9,,no_recorded_text_or_sha256
2,part1,1부 · 기술의 계보,59,pending,eee4d7464ae5269137688c697f12ac6269bb80ed4c2f36a631003d48a4d92739,audio18/part1.mp3,31443a078ee936c0bf4f74488050e353a528af14675f9026bc29b8e8f5fce29a,False,False,unreviewed,8.6,,no_recorded_text_or_sha256
3,01-scene,1장 · 1950–1956년 · 질문과 선언,790,pending,b4f2bac64ee8804e56a5c2e13220ae927bba25c5be2cb2099ec6b40d6e5e3ce8,audio18/01-scene.mp3,3509bb80caacfe5a1c4d6460bab01484745560fa201cea83b1acacb4b6ce7257,False,False,unreviewed,113.0,,no_recorded_text_or_sha256
4,02-scene,2장 · 1958–1973년 · 퍼셉트론과 겨울,763,pending,948f45f6a0785b77f3b81009cf15f3d25b788879bba678270bc5a5057a589064,audio18/02-scene.mp3,d71405e32cb8e47180f3eddbf81218686566a1e650d400cb49b83b21eaa66b36,False,False,unreviewed,115.6,,no_recorded_text_or_sha256
5,03-scene,3장 · 1974–1986년 · 배우는 법,740,pending,d9a5ff1c656c6ff966ca57f4d3233fa96790c66d10d35fb33bedbf4c792a366e,audio18/03-scene.mp3,ba472c0c7955f93eb56bbd1c839f6930dff28c49cba704d2cce089c0b28ef5ac,False,False,unreviewed,96.7,,no_recorded_text_or_sha256
6,04-scene,4장 · 1980–2000년대 · 겨울을 버틴 사람들,828,pending,7e40ba15b5beaf305c2f13373205bdcdbc636cef0160ef1c77d4f66265166edf,audio18/04-scene.mp3,95a3dcce473224d50996f052842d003ced31a47c777be4a7e95e735f001e5110,False,False,unreviewed,124.5,,no_recorded_text_or_sha256
7,05-scene,5장 · 2006–2012년 · 데이터와 칩,692,pending,65d07cd4b78774fae67776d8d1ae4e2936b96683f538544d0c555b3eb57e3a83,audio18/05-scene.mp3,788c28750f487d9c6a672824040b4e54af63630ed0b3ee98774d14dad1b1e1ab,False,False,unreviewed,103.8,,no_recorded_text_or_sha256
8,06-scene,6장 · 2012년 · 알렉스넷,686,pending,a8da2816e73be94c945b84175c086bc050b5482700790d614cbb50007b9fb03f,audio18/06-scene.mp3,380e659f3c8c198142a747a2794fb933134345c1d592c74139e90126f23e6f92,False,False,unreviewed,98.0,,no_recorded_text_or_sha256
9,07-scene,7장 · 2010–2024년 · 게임에서 과학으로,710,pending,414f4a0352d1d000ba137d1f00b14755545e9cfe15a290cc77d02b99d223e73a,audio18/07-scene.mp3,dcb06ee95361de140e67cddea7e2d63c9dfe16f3b8b2b81506e888d89d343a98,False,False,unreviewed,104.7,,no_recorded_text_or_sha256
10,08-scene,8장 · 2016–2024년 · 강화학습과 알파고,780,pending,c4148b161b416a26cdb44997f4cd8cb0f4fafd54009d2456c2c444e9b0503ef4,audio18/08-scene.mp3,2da72a0fc64b18d1658eccc4cc5c1cccdd1af92c69c152d1b3586f19548a2a27,False,False,unreviewed,89.4,,no_recorded_text_or_sha256
11,09-scene,9장 · 1997–2017년 · 어텐션,848,pending,ea067a50416af676db2db71720c90813bffcf1db327a42e22db4498a9db9489b,audio18/09-scene.mp3,cc250fc336bdf67693096806f7f19078c96e718d33964b485df532c4bc487f62,False,False,unreviewed,115.7,,no_recorded_text_or_sha256
12,10-scene,"10장 · 2014–2020년 · 크게, 그리고 만들게",792,pending,6b92be0339a744ce8c438e658248d7ccdadd79f35d240c88ff26905de2d19fdc,audio18/10-scene.mp3,0d304686834ccf73b7f4733c98239660968e5f33a73e58f23f8e6e9341c0105d,False,False,unreviewed,114.2,,no_recorded_text_or_sha256
13,part2,2부 · 회사와 사람의 시대,61,pending,fb65a1403015c1ecceaf745c7f6dd0ca793d05dbbd55c27f9d5522b465fb20f1,audio18/part2.mp3,4a805c67cb350206c54273b243c35cefe071c7f7aaf303a74c21369ad2afa603,False,False,unreviewed,10.2,,no_recorded_text_or_sha256
14,11-scene,11장 · 2015년 · 회사를 세운 사람들,496,pending,6f0c6cb158d19a4060491686d25c4a7bdb2e972061b6fd44ad8956cb22994c8c,audio18/11-scene.mp3,e6dffd974038281610c15fedaadd6ebccf21166fc8b21d9ba63dce73384c19d1,False,False,unreviewed,61.3,,no_recorded_text_or_sha256
15,12-scene,12장 · 2018–2026년 · 갈라진 약속,629,pending,c6580abf557c4cd90a570fc676e6948e15322f0531b1e2fef88270c89b4369c1,audio18/12-scene.mp3,ba8ab07e75caa97cdc4a8db299e01cd8fe911ec768ffb73f53a1b519e43a9b57,False,False,unreviewed,95.3,,no_recorded_text_or_sha256
16,13-scene,13장 · 2021년 · 안전을 먼저 묻는 회사,690,pending,010ddc10438a3b45d6ecbe91a0d1bf877db054d3ac96f9d829eb522e6298bd9c,audio18/13-scene.mp3,6564752e4e15fedf3bb7a7af1b74560cc3a716258de6156d4cef728329001d08,False,False,unreviewed,93.6,,no_recorded_text_or_sha256
17,14-scene,14장 · 2022년 · 세상이 답한 날,637,pending,70f8b39b3ad90ec5d1c560c8457055b5a5642db448702d98be3c39025dff7afd,audio18/14-scene.mp3,e5db948c4b96203abb2d3f546b7ba2b76d4359f08e521b8b6c7e228fd63a7732,False,False,unreviewed,103.0,,no_recorded_text_or_sha256
18,15-scene,15장 · 2023년 · 해임과 복귀,575,pending,047779bd87ab2a255ca26648cb40ebf927965714205b2a4d88be130b35e4fac1,audio18/15-scene.mp3,3b0b215d0158ff9f7732791136f2ea8cf000c764692ae39bb467e7c1dc865dcf,False,False,unreviewed,85.5,,no_recorded_text_or_sha256
19,16-scene,16장 · 2024–2026년 · 나간 사람들이 세운 회사,660,pending,5c22a2a90550f8826e32de3c1dc24e41aa71152d5d1a85ca40418eda7d2c83cc,audio18/16-scene.mp3,8c22ae10f6ce1cee06932872336214d00e120be1dbbf684e8fe0a88f02b3fff5,False,False,unreviewed,87.1,,no_recorded_text_or_sha256
20,17-scene,17장 · 2025–2026년 · 연구 조직의 변화,630,pending,fc8a38159e0cbc6f559dd154da7d7be15a211f5a8329ed835168f1d211d51c47,audio18/17-scene.mp3,e16386ff081cddb622133754ae63430da57ed1cfa624d7c8b08b2bcac8cba637,False,False,unreviewed,93.7,,no_recorded_text_or_sha256
21,18-scene,18장 · 2026년 · 그려지는 중인 지도,773,pending,298383ce04a93d20e64a4055f76e94cf69db9f48069281aa26fafffe1df423c8,audio18/18-scene.mp3,ccb4e00c52be878a9b3834f8e4a9e6fa083453be55c867948b1fe5e1c9202e4e,False,False,unreviewed,110.1,,no_recorded_text_or_sha256
22,19-scene,19장 · 2025–2026년 · 여러 지역과 기반 기술,715,pending,6f2ad92ce90a6cea7c9938f2ede7d9d46be4a4cd61097203bbcf167f7a50ffbd,audio18/19-scene.mp3,49bdf6da2aefe9cd6fd5b36e7cf35c42b5203998c7bd9463774251cf1e259a7a,False,False,unreviewed,91.2,,no_recorded_text_or_sha256
23,20-ending,엔딩,302,pending,2879ebaf2e658454d0dca22c8f210a2bce994a7de0c3e426746de35d04501792,audio18/20-ending.mp3,5c2f36174ce11b2ec5b3e4ed4198b079e1fa5a24a521d662b786b4445f2a0ab8,False,False,unreviewed,38.5,,no_recorded_text_or_sha256
